compound_short,logFC,AveExpr,t,P.Value,adj.P.Val,B,vpa_div_cntrl,change_in_vpa,compound_full,formula,mass,rt,cas_id
VPAnM24,5.15844966023909,18.250877322410297,29.617127541460672,1.1058528648066867e-22,4.533996745707416e-21,41.71555041297186,35.71478819097044,up,Valproic acid,C8 H16 O2,144.115,1.3,99-66-1
