compound_short,term,estimate,statistic,p.value,lod,adj_pval,FC,change_in_vpa,compound_full,formula,mass,rt,cas_id
VPA_FAnM27,vpa_lowFA,3.978113005957077,45.502613445390544,1.6158704908667278e-22,41.68612062360175,2.0844729332180787e-20,15.759097444313747,up,Valproic acid,C8 H16 O2,144.116,1.24,99-66-1
VPA_FAnM27,vpa_highFA,3.990957048049875,45.44278436759206,1.6608271124758352e-22,41.65870407087074,2.1424669750938275e-20,15.900024110228573,up,Valproic acid,C8 H16 O2,144.116,1.24,99-66-1
