compound_short,logFC,AveExpr,t,P.Value,adj.P.Val,B,fa_div_cntrl,change_in_fa,compound_full,formula,mass,rt,cas_id
FAnC17,-0.4413783843052836,20.59570357881114,-5.048884770740883,4.343560788395169e-5,0.008860864008326145,1.3755205899055252,0.7364306694761145,down,Serine,C3 H7 N O3,105.043,8.33,56-45-1
FAnC184,1.5893545088570742,10.898841539110515,8.43565208323927,1.964230233536878e-8,4.007029676415231e-6,9.180335265245475,3.009146840004317,up,5-Methyl-DHF,C20 H23 N7 O6,457.17,9.71,59904-24-4
FAnC186,1.270292262445806,11.140519602755015,8.614617650107554,1.3618034733336458e-8,2.7780790856006374e-6,9.553378327553695,2.4121042521165448,up,10-Formyl-DHF,C20 H21 N7 O7,471.149,8.66,28459-40-7
FAnC182,1.0730827802262206,14.182944343794983,6.050035067527018,3.878566954705305e-6,7.912276587598822e-4,3.8104716604808093,2.103924275763811,up,Folic Acid,C19 H19 N7 O6,441.138,8.27,59-30-3
